Date,Customer_Type,Product,Country,Sales,Order_ID,Volume,Service_Level,Satisfaction,Target_Sales
2024-12-17,Returning,Bathroom Essentials,Morocco,213.81,ORD574,92,84,4.95,228.96
2024-04-26,Loyal,Home Decor Range,Senegal,419.57,ORD901,28,70,3.88,337.45
2024-02-15,New,Home Decor Range,Senegal,67.03,ORD705,99,57,2.72,67.51
2024-08-10,Returning,Bathroom Essentials,Kenya,191.62,ORD829,42,71,4.88,170.28
2024-02-24,Loyal,Home Decor Range,Senegal,304.41,ORD428,87,87,4.57,324.13
2024-12-22,Loyal,Home Decor Range,Senegal,279.01,ORD379,41,75,4.13,295.76
2024-10-29,Loyal,Home Decor Range,Senegal,235.21,ORD368,15,83,4.63,218.0
2024-11-11,Loyal,Disney Princess Pink Bag,Morocco,499.57,ORD416,17,51,2.77,558.25
2024-01-13,Loyal,Home Decor Range,Ivory Coast,183.52,ORD051,12,58,3.64,189.83
2024-04-06,Returning,Apple Smartwatches,Ghana,452.19,ORD452,22,75,3.75,505.92
2024-08-02,New,Apple Smartwatches,South Africa,427.23,ORD065,17,58,3.98,375.81
2024-01-31,Returning,Disney Princess Pink Bag,South Africa,207.0,ORD768,29,94,4.41,207.04
2024-03-02,Returning,Apple Smartwatches,Ivory Coast,182.65,ORD211,66,77,4.07,158.9
2024-07-16,New,Home Decor Range,South Africa,84.51,ORD226,14,100,4.38,84.11
2024-07-05,Loyal,Bathroom Essentials,Ivory Coast,51.07,ORD923,38,56,4.65,45.72
2024-10-26,Returning,Apple Smartwatches,South Africa,175.69,ORD975,57,94,3.16,178.29
2024-02-10,Returning,Apple Smartwatches,Morocco,203.62,ORD791,56,68,3.23,223.29
2024-10-08,Loyal,Bathroom Essentials,South Africa,157.21,ORD796,47,81,3.21,156.97
2024-05-12,Loyal,Disney Princess Pink Bag,Senegal,430.14,ORD933,85,61,3.73,447.68
2024-12-08,Loyal,Home Decor Range,Nigeria,370.52,ORD471,72,85,4.49,404.91
2024-09-13,Returning,Home Decor Range,South Africa,457.37,ORD677,52,83,3.69,500.39
2024-01-14,New,Disney Princess Pink Bag,Ghana,298.93,ORD254,98,84,2.93,257.88
2024-10-24,Returning,Bathroom Essentials,Senegal,417.32,ORD025,100,71,4.66,440.61
2024-12-22,New,Bathroom Essentials,Morocco,157.88,ORD780,85,79,2.76,168.96
2024-05-07,Returning,Bathroom Essentials,Ghana,373.7,ORD095,93,84,3.76,430.25
2024-06-23,Loyal,Bathroom Essentials,Nigeria,119.54,ORD776,13,89,2.68,117.6
2024-11-07,Loyal,Bathroom Essentials,Ghana,226.59,ORD852,24,56,2.77,190.79
2024-12-22,New,Home Decor Range,Ghana,71.05,ORD673,80,81,4.12,81.37
2024-06-06,Returning,Bathroom Essentials,Senegal,126.03,ORD702,97,95,3.44,119.49
2024-11-16,New,Apple Smartwatches,Ivory Coast,376.09,ORD930,64,100,2.52,387.97
2024-09-26,Returning,Home Decor Range,South Africa,206.93,ORD001,32,50,4.11,180.97
2024-02-26,Returning,Bathroom Essentials,Ivory Coast,137.6,ORD278,92,54,3.74,150.42
2024-04-27,New,Apple Smartwatches,Morocco,224.7,ORD533,12,71,3.01,264.5
2024-06-25,Returning,Home Decor Range,Senegal,238.05,ORD982,82,65,4.07,251.4
2024-09-24,Returning,Apple Smartwatches,Nigeria,306.76,ORD506,28,62,3.21,338.34
2024-02-05,Loyal,Bathroom Essentials,Ghana,258.53,ORD897,90,94,3.74,266.33
2024-04-18,New,Disney Princess Pink Bag,Nigeria,210.56,ORD294,23,86,4.8,207.16
2024-06-05,Returning,Apple Smartwatches,Morocco,328.13,ORD022,14,59,4.43,355.83
2024-01-04,New,Bathroom Essentials,Ivory Coast,386.61,ORD141,86,100,3.67,368.13
2024-10-23,Loyal,Apple Smartwatches,Senegal,248.49,ORD489,39,87,3.86,232.19
2024-04-02,Returning,Home Decor Range,Ghana,296.85,ORD872,84,76,4.43,246.89
2024-06-18,New,Apple Smartwatches,Senegal,389.68,ORD320,73,76,3.59,422.82
2024-11-23,Loyal,Bathroom Essentials,Ghana,401.81,ORD583,90,96,2.55,461.97
2024-06-09,Loyal,Apple Smartwatches,Nigeria,100.49,ORD405,30,54,2.86,90.3
2024-10-28,New,Home Decor Range,Ghana,83.06,ORD162,69,74,4.2,82.76
2024-06-06,Loyal,Home Decor Range,Senegal,208.39,ORD130,78,97,3.58,244.22
2024-10-12,New,Disney Princess Pink Bag,Nigeria,185.37,ORD763,45,66,3.06,154.35
2024-05-05,Loyal,Bathroom Essentials,Morocco,490.83,ORD148,33,75,4.52,417.49
2024-07-16,New,Disney Princess Pink Bag,Ghana,495.36,ORD599,77,82,2.98,476.79
2024-05-28,New,Apple Smartwatches,South Africa,279.93,ORD352,95,92,2.62,327.27
2024-04-23,Loyal,Bathroom Essentials,Ivory Coast,235.57,ORD054,63,84,4.15,201.86
2024-02-24,Loyal,Bathroom Essentials,Kenya,379.53,ORD625,28,96,3.58,452.58
2024-08-03,Loyal,Home Decor Range,Morocco,88.44,ORD060,96,88,4.52,96.55
2024-12-09,Returning,Home Decor Range,Ivory Coast,465.79,ORD034,61,56,4.5,494.52
2024-08-17,New,Bathroom Essentials,Morocco,84.58,ORD965,86,78,4.52,87.67
2024-03-12,Loyal,Disney Princess Pink Bag,Morocco,267.95,ORD322,43,86,3.85,303.22
2024-03-19,New,Home Decor Range,South Africa,444.44,ORD490,73,95,3.87,434.2
2024-04-09,Loyal,Home Decor Range,Kenya,262.31,ORD271,88,93,2.51,222.87
2024-10-18,New,Apple Smartwatches,Ghana,378.18,ORD330,68,85,3.9,315.38
2024-12-07,Loyal,Disney Princess Pink Bag,Ghana,479.86,ORD087,16,95,3.53,449.31
2024-10-09,New,Disney Princess Pink Bag,Ghana,236.5,ORD005,65,95,4.18,221.08
2024-01-08,Returning,Apple Smartwatches,Morocco,345.7,ORD851,92,62,4.56,361.19
2024-12-14,New,Bathroom Essentials,Ivory Coast,384.08,ORD571,92,58,3.42,352.46
2024-01-01,Returning,Bathroom Essentials,Morocco,297.54,ORD512,16,72,4.69,263.76
2024-08-16,New,Home Decor Range,Senegal,306.92,ORD697,51,80,4.6,275.03
2024-05-31,New,Apple Smartwatches,Kenya,287.9,ORD587,68,64,3.65,327.48
2024-03-24,Returning,Apple Smartwatches,Nigeria,349.82,ORD181,64,74,3.56,397.73
2024-12-24,New,Home Decor Range,South Africa,450.38,ORD081,66,87,2.79,465.97
2024-05-27,Returning,Home Decor Range,Ghana,319.16,ORD805,16,96,3.76,359.03
2024-08-31,New,Bathroom Essentials,Ivory Coast,430.17,ORD220,24,68,4.05,384.15
2024-10-15,Returning,Disney Princess Pink Bag,Senegal,485.15,ORD110,83,77,3.1,558.06
2024-08-01,Returning,Disney Princess Pink Bag,South Africa,247.88,ORD438,96,55,4.75,291.38
2024-05-30,Returning,Disney Princess Pink Bag,Nigeria,222.95,ORD929,16,75,3.54,266.28
2024-11-17,New,Home Decor Range,Ghana,93.08,ORD122,91,81,4.05,106.64
2024-02-28,New,Disney Princess Pink Bag,Ghana,317.16,ORD197,35,94,4.96,294.68
2024-11-30,Returning,Home Decor Range,Ghana,191.22,ORD762,65,91,2.71,212.46
2024-12-09,Returning,Disney Princess Pink Bag,Senegal,491.36,ORD821,77,71,2.92,483.09
2024-02-05,Returning,Bathroom Essentials,Morocco,343.65,ORD719,67,74,4.34,403.74
2024-07-28,Returning,Disney Princess Pink Bag,Nigeria,144.06,ORD460,75,90,2.81,129.2
2024-02-22,New,Apple Smartwatches,South Africa,491.34,ORD092,82,97,4.52,429.7
2024-09-20,New,Disney Princess Pink Bag,Senegal,432.91,ORD890,54,66,2.69,516.76
2024-08-01,Loyal,Apple Smartwatches,Nigeria,246.79,ORD943,41,82,2.99,208.39
2024-01-11,New,Apple Smartwatches,Ghana,212.75,ORD754,94,67,2.86,204.42
2024-02-02,Returning,Home Decor Range,Morocco,204.63,ORD995,76,71,4.56,195.46
2024-12-10,Loyal,Bathroom Essentials,South Africa,276.19,ORD082,95,50,2.73,278.52
2024-08-13,Returning,Disney Princess Pink Bag,Ghana,187.76,ORD165,19,89,4.28,185.87
2024-06-16,Loyal,Disney Princess Pink Bag,Nigeria,225.05,ORD342,46,52,3.59,234.42
2024-09-07,Loyal,Home Decor Range,South Africa,114.72,ORD462,97,64,3.33,122.0
2024-01-05,Loyal,Disney Princess Pink Bag,Morocco,325.03,ORD839,23,69,3.29,355.14
2024-11-17,Returning,Home Decor Range,Morocco,264.99,ORD844,65,98,3.88,292.63
2024-08-18,Returning,Home Decor Range,Morocco,405.28,ORD971,25,85,4.37,385.15
2024-11-12,Loyal,Home Decor Range,Nigeria,430.43,ORD450,72,72,3.48,512.23
2024-06-17,New,Apple Smartwatches,Kenya,232.25,ORD298,64,84,4.98,202.62
2024-05-31,New,Disney Princess Pink Bag,Nigeria,121.55,ORD817,80,71,4.18,113.53
2024-02-11,New,Home Decor Range,Ivory Coast,317.23,ORD511,13,75,2.78,275.28
2024-03-19,Loyal,Disney Princess Pink Bag,Senegal,364.09,ORD145,40,63,3.43,396.99
2024-10-19,New,Home Decor Range,South Africa,233.75,ORD935,12,60,3.83,190.25
2024-07-13,New,Home Decor Range,Senegal,486.71,ORD585,61,76,3.29,436.01
2024-05-01,Returning,Apple Smartwatches,Nigeria,130.42,ORD250,31,86,4.81,105.62
2024-11-01,Returning,Disney Princess Pink Bag,South Africa,369.82,ORD721,22,89,3.48,316.21
2024-10-05,New,Disney Princess Pink Bag,Kenya,432.28,ORD061,84,77,2.54,370.94
2024-03-13,New,Home Decor Range,Ghana,57.79,ORD075,73,70,4.86,49.66
2024-06-27,New,Disney Princess Pink Bag,Nigeria,362.09,ORD078,28,63,3.54,351.8
2024-10-19,Returning,Apple Smartwatches,Morocco,428.84,ORD458,81,74,4.15,504.56
2024-02-16,Loyal,Disney Princess Pink Bag,Ghana,306.82,ORD704,40,56,3.51,246.61
2024-02-06,Loyal,Bathroom Essentials,Kenya,130.03,ORD076,43,80,4.57,111.52
2024-04-01,Returning,Disney Princess Pink Bag,Morocco,194.32,ORD838,54,84,3.38,227.23
2024-01-14,New,Disney Princess Pink Bag,Kenya,286.29,ORD855,63,79,4.9,342.5
2024-01-16,Loyal,Home Decor Range,Ivory Coast,360.13,ORD228,76,76,4.01,369.71
2024-10-09,Returning,Apple Smartwatches,Nigeria,58.02,ORD461,84,55,4.46,65.46
2024-12-21,Loyal,Bathroom Essentials,Ivory Coast,80.29,ORD156,44,74,4.96,83.42
2024-03-21,Returning,Apple Smartwatches,Kenya,442.31,ORD086,29,51,4.98,451.38
2024-02-08,Loyal,Home Decor Range,Kenya,272.26,ORD718,33,52,4.72,263.14
2024-06-19,New,Apple Smartwatches,South Africa,173.65,ORD478,15,83,2.86,176.34
2024-07-05,New,Apple Smartwatches,Ghana,54.75,ORD840,52,94,3.4,44.22
2024-07-30,Loyal,Apple Smartwatches,Kenya,294.26,ORD174,48,92,4.01,264.79
2024-05-28,Returning,Apple Smartwatches,Kenya,395.64,ORD680,28,96,2.51,414.29
2024-10-06,New,Bathroom Essentials,Senegal,241.27,ORD652,34,58,3.78,257.45
2024-06-08,Returning,Disney Princess Pink Bag,Nigeria,442.36,ORD908,30,91,2.62,423.68
2024-11-17,Returning,Home Decor Range,Kenya,290.96,ORD517,17,92,4.3,254.78
2024-05-30,New,Disney Princess Pink Bag,South Africa,333.8,ORD464,27,90,2.76,309.22
2024-03-14,Loyal,Bathroom Essentials,South Africa,453.45,ORD974,96,100,3.34,527.25
2024-07-13,Loyal,Bathroom Essentials,Ivory Coast,390.85,ORD313,28,94,4.49,454.77
2024-08-12,New,Home Decor Range,Ivory Coast,75.99,ORD252,47,60,2.79,77.37
2024-05-18,Loyal,Home Decor Range,Nigeria,60.98,ORD615,96,72,4.51,62.88
2024-08-27,New,Home Decor Range,Ghana,204.55,ORD126,19,96,3.21,178.76
2024-10-05,Returning,Disney Princess Pink Bag,Senegal,487.41,ORD089,41,65,3.46,433.19
2024-08-24,Loyal,Apple Smartwatches,South Africa,90.79,ORD303,47,80,2.55,97.63
2024-01-19,Returning,Bathroom Essentials,Kenya,191.48,ORD837,78,89,4.63,180.62
2024-12-06,Loyal,Bathroom Essentials,Morocco,229.81,ORD613,89,60,2.88,265.74
2024-07-29,New,Apple Smartwatches,South Africa,431.43,ORD545,17,65,4.83,405.62
2024-11-28,Returning,Disney Princess Pink Bag,Senegal,378.16,ORD788,36,73,3.48,393.2
2024-08-25,New,Disney Princess Pink Bag,Nigeria,54.51,ORD627,40,81,4.17,46.87
2024-10-18,New,Home Decor Range,Morocco,425.64,ORD765,38,60,3.33,413.93
2024-02-07,Loyal,Disney Princess Pink Bag,Nigeria,372.96,ORD770,39,78,4.19,430.85
2024-07-10,New,Apple Smartwatches,South Africa,174.97,ORD925,25,81,4.61,141.6
2024-03-29,Returning,Disney Princess Pink Bag,Kenya,255.86,ORD015,70,87,3.36,245.12
2024-01-14,Loyal,Bathroom Essentials,Nigeria,318.34,ORD425,92,92,4.11,292.2
2024-04-16,Returning,Bathroom Essentials,Kenya,335.01,ORD276,89,65,2.56,381.12
2024-08-29,Returning,Apple Smartwatches,Kenya,488.11,ORD293,33,57,3.15,473.73
2024-07-18,New,Apple Smartwatches,Senegal,402.59,ORD309,57,58,2.77,375.95
2024-06-18,New,Bathroom Essentials,South Africa,352.07,ORD833,87,62,2.95,408.94
2024-05-25,Loyal,Disney Princess Pink Bag,Morocco,402.97,ORD525,75,89,3.49,378.98
2024-12-14,New,Bathroom Essentials,South Africa,487.45,ORD720,28,65,4.35,390.22
2024-06-29,New,Apple Smartwatches,Ghana,372.83,ORD414,10,88,2.64,431.9
2024-12-29,Loyal,Apple Smartwatches,South Africa,168.24,ORD451,10,60,4.41,136.51
2024-10-15,New,Bathroom Essentials,Nigeria,135.93,ORD843,91,58,3.72,143.17
2024-06-09,Loyal,Home Decor Range,South Africa,138.62,ORD732,35,51,2.71,134.43
2024-05-29,Loyal,Disney Princess Pink Bag,Kenya,385.74,ORD146,73,84,3.29,409.03
2024-04-04,Loyal,Bathroom Essentials,South Africa,212.21,ORD013,54,62,2.65,170.9
2024-06-07,Loyal,Disney Princess Pink Bag,Morocco,55.72,ORD932,33,62,3.59,63.59
2024-01-14,Loyal,Apple Smartwatches,Ghana,254.83,ORD601,61,52,2.79,255.88
2024-08-12,Loyal,Home Decor Range,Morocco,310.02,ORD199,60,97,3.49,366.36
2024-10-26,New,Home Decor Range,Ivory Coast,89.48,ORD244,32,74,2.52,80.32
2024-09-26,Returning,Bathroom Essentials,Ivory Coast,83.95,ORD900,35,91,3.72,92.76
2024-03-13,Loyal,Apple Smartwatches,Morocco,164.96,ORD437,40,85,4.17,180.01
2024-08-20,Returning,Home Decor Range,Ivory Coast,161.3,ORD007,49,73,4.49,190.87
2024-06-12,Returning,Bathroom Essentials,Nigeria,452.67,ORD376,46,82,3.22,392.24
2024-02-23,Returning,Home Decor Range,Kenya,495.94,ORD204,40,54,3.21,578.11
2024-01-08,Returning,Disney Princess Pink Bag,Nigeria,455.21,ORD260,39,82,4.22,546.05
2024-11-05,Returning,Bathroom Essentials,Nigeria,330.81,ORD420,37,65,3.95,286.86
2024-08-09,New,Disney Princess Pink Bag,Morocco,316.15,ORD575,100,57,4.4,348.75
2024-02-09,New,Apple Smartwatches,Morocco,493.19,ORD629,76,93,3.73,397.23
2024-09-02,Loyal,Home Decor Range,South Africa,332.19,ORD806,15,79,4.47,370.82
2024-12-15,New,Apple Smartwatches,Morocco,112.13,ORD306,85,97,3.28,112.51
2024-04-18,New,Disney Princess Pink Bag,South Africa,204.02,ORD389,100,91,4.86,176.49
2024-12-14,Loyal,Bathroom Essentials,Ghana,224.58,ORD584,68,55,3.39,211.81
2024-05-01,Returning,Bathroom Essentials,South Africa,315.91,ORD887,23,76,4.78,375.32
2024-09-26,New,Apple Smartwatches,Ivory Coast,459.97,ORD549,43,94,4.11,388.58
2024-12-09,Returning,Home Decor Range,Ghana,100.16,ORD154,47,73,3.66,109.98
2024-04-27,New,Apple Smartwatches,Ghana,420.63,ORD650,24,50,2.51,343.92
2024-07-04,Loyal,Apple Smartwatches,Nigeria,230.0,ORD728,34,86,3.64,257.58
2024-11-03,Returning,Bathroom Essentials,Senegal,189.28,ORD801,92,89,4.71,196.74
2024-09-18,New,Home Decor Range,Morocco,163.97,ORD072,91,60,4.56,173.17
2024-09-21,Loyal,Apple Smartwatches,Ivory Coast,464.72,ORD186,21,61,4.28,425.42
2024-04-15,Loyal,Disney Princess Pink Bag,Nigeria,302.09,ORD521,89,77,3.87,245.89
2024-06-27,Loyal,Apple Smartwatches,South Africa,492.34,ORD423,46,51,4.97,429.43
2024-06-22,New,Bathroom Essentials,South Africa,446.45,ORD726,75,75,2.72,510.47
2024-01-10,Returning,Apple Smartwatches,Kenya,336.94,ORD529,34,51,3.81,318.77
2024-01-27,Returning,Bathroom Essentials,Kenya,460.49,ORD337,35,75,3.69,411.89
2024-06-24,Loyal,Disney Princess Pink Bag,Kenya,310.56,ORD365,36,78,3.28,320.97
2024-02-07,New,Home Decor Range,Morocco,197.57,ORD892,98,58,4.85,227.64
2024-03-01,Loyal,Apple Smartwatches,Ghana,99.45,ORD378,71,71,3.26,88.72
2024-07-11,Loyal,Bathroom Essentials,Kenya,229.52,ORD810,89,67,3.42,220.19
2024-04-14,Loyal,Apple Smartwatches,South Africa,182.6,ORD871,34,61,2.85,198.55
2024-03-26,New,Disney Princess Pink Bag,Senegal,471.34,ORD493,29,57,2.8,403.89
2024-08-20,Returning,Bathroom Essentials,Nigeria,452.69,ORD173,52,97,4.17,430.5
2024-11-21,Returning,Home Decor Range,Kenya,209.14,ORD093,76,84,2.84,245.6
2024-02-12,Loyal,Disney Princess Pink Bag,Senegal,362.57,ORD224,36,87,4.41,400.48
2024-09-09,Loyal,Apple Smartwatches,Morocco,403.41,ORD656,33,90,2.75,442.43
2024-06-28,New,Disney Princess Pink Bag,South Africa,84.9,ORD283,70,98,3.05,78.69
2024-10-17,Returning,Disney Princess Pink Bag,Kenya,482.81,ORD541,87,91,4.12,396.81
2024-01-18,Loyal,Apple Smartwatches,Nigeria,170.93,ORD862,71,99,3.82,200.78
2024-05-15,Loyal,Home Decor Range,Ghana,178.4,ORD282,39,54,4.97,160.77
2024-11-30,Loyal,Bathroom Essentials,Nigeria,148.53,ORD465,30,60,3.79,170.75
2024-03-10,Loyal,Home Decor Range,Ghana,312.43,ORD430,35,71,4.18,296.56
2024-10-29,Returning,Disney Princess Pink Bag,Morocco,72.62,ORD255,40,99,3.78,79.9
2024-06-26,Returning,Disney Princess Pink Bag,Nigeria,127.57,ORD956,64,68,3.59,137.4
2024-04-30,Loyal,Bathroom Essentials,Nigeria,131.29,ORD021,92,71,3.72,130.76
2024-09-09,Returning,Bathroom Essentials,Morocco,153.63,ORD692,57,54,4.49,132.47
2024-04-29,New,Disney Princess Pink Bag,South Africa,99.59,ORD783,16,72,4.31,96.37
2024-08-10,Returning,Home Decor Range,Morocco,494.95,ORD068,48,53,4.28,419.67
2024-12-08,Loyal,Apple Smartwatches,Kenya,233.06,ORD928,63,60,3.91,246.6
2024-06-30,Returning,Home Decor Range,Morocco,231.58,ORD360,53,96,3.61,254.94
2024-01-10,Returning,Apple Smartwatches,Kenya,479.75,ORD696,32,80,3.36,439.14
2024-08-22,Returning,Apple Smartwatches,Senegal,137.46,ORD886,14,57,3.81,140.19
2024-07-15,Returning,Apple Smartwatches,Senegal,499.26,ORD960,32,55,4.01,477.59
2024-03-26,Loyal,Bathroom Essentials,Ivory Coast,442.25,ORD288,43,61,3.4,391.86
2024-02-28,New,Home Decor Range,Ghana,463.83,ORD997,19,80,3.62,427.57
2024-08-08,Returning,Disney Princess Pink Bag,South Africa,169.71,ORD903,36,79,3.83,151.87
2024-07-23,Loyal,Home Decor Range,Ivory Coast,324.5,ORD370,46,57,4.94,329.36
2024-04-17,Loyal,Home Decor Range,Morocco,97.54,ORD275,24,55,2.54,92.34
2024-07-12,New,Home Decor Range,Ivory Coast,325.3,ORD746,42,73,3.98,370.44
2024-03-03,Returning,Home Decor Range,Ghana,329.46,ORD758,14,94,3.84,309.76
2024-05-01,New,Apple Smartwatches,South Africa,436.3,ORD632,85,64,2.66,385.29
2024-10-28,New,Apple Smartwatches,Ghana,461.81,ORD646,58,73,4.44,484.49
2024-02-29,New,Home Decor Range,Senegal,313.86,ORD071,46,63,3.48,318.98
2024-07-04,New,Bathroom Essentials,Ivory Coast,191.91,ORD085,38,54,2.97,190.79
2024-01-06,New,Bathroom Essentials,Morocco,183.02,ORD427,14,82,4.2,193.91
2024-08-22,New,Disney Princess Pink Bag,Senegal,152.48,ORD865,92,83,3.68,157.67
2024-12-23,Loyal,Home Decor Range,Ghana,247.2,ORD841,11,53,2.92,248.85
2024-09-18,New,Bathroom Essentials,South Africa,379.71,ORD963,10,54,3.07,453.22
2024-05-24,New,Bathroom Essentials,Morocco,395.98,ORD891,27,100,2.67,415.76
2024-04-20,Loyal,Disney Princess Pink Bag,Ghana,131.2,ORD468,98,90,4.62,121.24
2024-08-20,Loyal,Home Decor Range,Morocco,141.36,ORD949,16,51,4.02,142.91
2024-05-19,Loyal,Disney Princess Pink Bag,South Africa,281.13,ORD757,30,55,3.2,320.09
2024-01-19,New,Home Decor Range,Ghana,213.14,ORD151,20,90,4.63,233.64
2024-06-08,Loyal,Bathroom Essentials,Ivory Coast,103.22,ORD518,60,67,3.76,99.86
2024-06-27,Loyal,Apple Smartwatches,Ghana,269.42,ORD867,27,73,2.58,284.98
2024-02-05,Returning,Bathroom Essentials,Morocco,74.77,ORD679,69,92,3.52,64.39
2024-12-28,New,Disney Princess Pink Bag,Nigeria,312.22,ORD123,20,52,4.99,281.97
2024-05-13,New,Apple Smartwatches,Ivory Coast,341.62,ORD037,40,56,3.77,337.45
2024-02-16,Returning,Disney Princess Pink Bag,Senegal,296.37,ORD502,35,62,3.58,309.68
2024-02-28,Returning,Home Decor Range,Ivory Coast,477.94,ORD920,97,70,2.82,407.53
2024-11-28,New,Home Decor Range,Morocco,268.39,ORD938,17,87,3.42,222.27
2024-07-05,Returning,Home Decor Range,Morocco,103.26,ORD676,64,97,2.62,107.43
2024-02-15,Loyal,Home Decor Range,Kenya,232.17,ORD074,13,57,3.39,269.83
2024-08-14,New,Disney Princess Pink Bag,South Africa,73.78,ORD820,94,90,4.34,79.86
2024-10-18,Loyal,Bathroom Essentials,South Africa,271.92,ORD324,63,95,3.61,281.05
2024-04-23,New,Home Decor Range,Kenya,259.93,ORD882,51,75,4.84,221.46
2024-09-17,Loyal,Home Decor Range,Morocco,93.34,ORD972,47,87,3.57,90.64
2024-10-06,Loyal,Bathroom Essentials,Senegal,315.44,ORD564,69,58,3.84,286.67
2024-12-19,Loyal,Apple Smartwatches,Ivory Coast,495.2,ORD038,57,54,2.79,548.49
2024-07-31,New,Apple Smartwatches,Ghana,436.1,ORD020,60,98,2.68,458.34
2024-08-01,Returning,Bathroom Essentials,South Africa,154.12,ORD508,96,93,2.69,150.83
2024-01-03,New,Bathroom Essentials,Morocco,84.56,ORD531,59,52,4.47,81.81
2024-12-14,Loyal,Bathroom Essentials,Kenya,268.33,ORD813,58,76,3.86,222.45
2024-11-08,Loyal,Home Decor Range,Kenya,81.99,ORD136,85,82,4.37,91.93
2024-04-25,New,Disney Princess Pink Bag,Morocco,303.31,ORD305,45,93,3.51,321.13
2024-07-10,Loyal,Bathroom Essentials,Ghana,63.26,ORD884,54,79,4.92,65.8
2024-07-03,Returning,Home Decor Range,Senegal,216.23,ORD845,82,94,4.59,250.03
2024-06-07,New,Disney Princess Pink Bag,Ivory Coast,169.8,ORD115,55,96,4.86,136.19
2024-11-22,New,Bathroom Essentials,South Africa,250.3,ORD848,40,68,2.67,275.93
2024-04-17,New,Disney Princess Pink Bag,Ghana,205.96,ORD100,41,70,4.12,180.94
2024-06-07,New,Disney Princess Pink Bag,Kenya,241.74,ORD348,94,63,3.59,235.24
2024-06-24,New,Apple Smartwatches,Ivory Coast,60.96,ORD978,27,67,2.51,57.72
2024-11-22,New,Disney Princess Pink Bag,Kenya,455.66,ORD711,75,80,4.78,472.96
2024-05-04,Returning,Bathroom Essentials,South Africa,66.82,ORD280,11,73,2.52,64.2
2024-01-30,Returning,Bathroom Essentials,Nigeria,345.04,ORD404,48,85,4.42,333.1
2024-08-12,Loyal,Home Decor Range,South Africa,407.91,ORD729,89,55,2.77,381.14
2024-08-05,Returning,Home Decor Range,South Africa,53.02,ORD985,85,60,3.77,58.91
2024-08-10,New,Disney Princess Pink Bag,Nigeria,448.1,ORD194,95,55,4.37,455.72
2024-09-03,New,Apple Smartwatches,Kenya,370.42,ORD582,95,56,3.86,381.9
2024-02-09,Returning,Home Decor Range,Ghana,100.02,ORD830,83,91,4.66,85.29
2024-09-20,Returning,Disney Princess Pink Bag,Senegal,278.23,ORD266,34,97,2.55,298.22
2024-03-29,Returning,Bathroom Essentials,Ghana,184.19,ORD419,27,52,4.61,194.23
2024-06-06,Loyal,Apple Smartwatches,South Africa,484.62,ORD597,19,80,4.16,433.76
2024-11-23,New,Disney Princess Pink Bag,Senegal,92.08,ORD326,40,67,3.54,110.24
2024-08-03,Loyal,Bathroom Essentials,South Africa,140.36,ORD681,13,83,4.76,165.66
2024-06-07,New,Bathroom Essentials,South Africa,332.61,ORD218,71,99,3.64,362.25
2024-03-02,Loyal,Home Decor Range,Kenya,323.72,ORD024,77,83,4.84,302.95
2024-06-04,Loyal,Apple Smartwatches,Morocco,432.39,ORD131,43,74,3.44,510.34
2024-08-03,Loyal,Apple Smartwatches,Ghana,123.39,ORD121,81,68,3.58,113.1
2024-09-20,Loyal,Disney Princess Pink Bag,Morocco,335.31,ORD499,43,94,4.91,291.55
2024-08-11,Loyal,Apple Smartwatches,South Africa,496.02,ORD804,61,61,4.36,514.64
2024-08-02,Returning,Home Decor Range,South Africa,394.39,ORD077,73,77,2.98,418.93
2024-08-09,Returning,Apple Smartwatches,Ivory Coast,276.22,ORD456,40,89,2.65,313.2
2024-08-20,Loyal,Bathroom Essentials,South Africa,426.78,ORD707,21,81,3.12,449.9
2024-05-04,Returning,Home Decor Range,Kenya,499.86,ORD917,97,67,4.3,425.88
2024-05-22,New,Home Decor Range,Nigeria,329.45,ORD735,25,76,3.88,343.27
2024-07-13,Loyal,Disney Princess Pink Bag,Ivory Coast,222.32,ORD394,71,76,2.85,243.02
2024-02-01,Loyal,Bathroom Essentials,Senegal,169.91,ORD132,39,90,4.14,189.13
2024-11-03,Returning,Apple Smartwatches,Nigeria,356.63,ORD957,79,69,4.27,401.35
2024-11-11,Returning,Bathroom Essentials,Nigeria,109.8,ORD446,91,58,3.64,95.59
2024-09-20,Loyal,Home Decor Range,Ghana,168.53,ORD044,60,86,4.65,193.83
2024-02-04,New,Apple Smartwatches,Morocco,423.29,ORD380,95,95,2.57,400.74
2024-02-13,Loyal,Bathroom Essentials,Morocco,448.87,ORD373,53,61,4.14,417.92
2024-07-22,Returning,Bathroom Essentials,Nigeria,158.67,ORD881,62,77,4.51,167.18
2024-08-04,Returning,Home Decor Range,Kenya,282.1,ORD700,52,97,2.61,243.23
2024-09-28,Loyal,Home Decor Range,Nigeria,82.41,ORD647,92,73,3.18,82.39
2024-05-06,Returning,Home Decor Range,Kenya,356.33,ORD910,84,67,3.27,338.08
2024-04-08,New,Home Decor Range,Kenya,371.11,ORD637,63,68,3.08,397.39
2024-06-08,Returning,Bathroom Essentials,Nigeria,189.23,ORD350,84,54,3.21,187.91
2024-08-19,New,Bathroom Essentials,Ivory Coast,221.77,ORD336,44,76,4.22,211.83
2024-06-11,New,Disney Princess Pink Bag,South Africa,122.47,ORD018,57,76,4.93,129.68
2024-05-04,Loyal,Apple Smartwatches,Nigeria,444.07,ORD178,73,68,2.77,402.65
2024-11-02,Loyal,Disney Princess Pink Bag,Ivory Coast,434.1,ORD547,49,85,4.85,424.21
2024-07-14,Loyal,Disney Princess Pink Bag,Senegal,151.53,ORD987,74,85,3.07,124.84
2024-02-09,New,Bathroom Essentials,Ivory Coast,111.37,ORD611,84,60,2.84,111.4
2024-11-20,New,Disney Princess Pink Bag,Morocco,183.96,ORD642,83,100,4.55,197.57
2024-05-06,Returning,Apple Smartwatches,Ivory Coast,192.9,ORD258,24,97,3.99,224.73
2024-10-05,Loyal,Apple Smartwatches,Ivory Coast,271.41,ORD200,91,95,4.25,243.61
2024-06-21,Loyal,Bathroom Essentials,Morocco,126.28,ORD354,68,83,3.96,122.27
2024-09-10,Returning,Bathroom Essentials,Morocco,411.72,ORD915,20,75,2.88,391.78
2024-08-31,New,Apple Smartwatches,Kenya,311.35,ORD714,29,58,3.98,344.33
2024-12-22,Loyal,Disney Princess Pink Bag,Ghana,390.01,ORD834,46,71,4.7,386.22
2024-11-20,Loyal,Home Decor Range,Kenya,111.48,ORD645,23,94,3.42,110.25
2024-07-06,Returning,Home Decor Range,Senegal,144.35,ORD056,81,57,3.37,122.43
2024-02-15,Loyal,Disney Princess Pink Bag,Nigeria,76.67,ORD053,36,92,4.68,65.86
2024-09-26,Returning,Disney Princess Pink Bag,Kenya,132.0,ORD577,76,59,4.21,131.26
2024-01-03,Returning,Apple Smartwatches,South Africa,330.71,ORD926,48,81,4.88,321.15
2024-08-02,New,Home Decor Range,Senegal,167.88,ORD604,93,68,3.59,176.72
2024-08-23,Loyal,Apple Smartwatches,Ivory Coast,83.64,ORD023,79,69,3.08,78.7
2024-06-03,Loyal,Bathroom Essentials,Nigeria,377.2,ORD027,31,84,3.51,421.51
2024-05-19,Loyal,Home Decor Range,Ivory Coast,171.51,ORD808,40,73,2.72,145.51
2024-01-18,Returning,Bathroom Essentials,Senegal,205.35,ORD594,91,71,3.94,240.1
2024-02-15,Loyal,Home Decor Range,Kenya,161.57,ORD553,85,61,4.24,174.67
2024-11-26,New,Apple Smartwatches,Ivory Coast,79.69,ORD399,32,64,3.32,93.34
2024-12-27,Returning,Disney Princess Pink Bag,Morocco,122.94,ORD639,50,50,2.56,147.07
2024-08-26,Loyal,Bathroom Essentials,Senegal,158.13,ORD772,84,77,3.24,142.61
2024-10-03,New,Home Decor Range,Nigeria,121.97,ORD221,25,94,3.76,111.6
2024-04-16,New,Disney Princess Pink Bag,Morocco,266.11,ORD401,51,68,4.02,236.03
2024-10-02,New,Apple Smartwatches,Morocco,101.75,ORD424,24,81,4.55,117.19
2024-07-07,Loyal,Disney Princess Pink Bag,Senegal,426.46,ORD948,15,98,4.92,483.25
2024-06-29,New,Bathroom Essentials,Ghana,199.05,ORD588,92,81,2.84,214.92
2024-12-29,New,Disney Princess Pink Bag,Morocco,60.08,ORD415,46,58,2.92,52.94
2024-11-15,Loyal,Home Decor Range,Nigeria,73.31,ORD241,90,66,3.67,65.26
2024-08-31,Returning,Apple Smartwatches,Morocco,418.27,ORD816,65,87,2.74,468.35
2024-05-05,Returning,Disney Princess Pink Bag,Nigeria,142.43,ORD962,91,61,2.98,144.28
2024-01-28,Loyal,Disney Princess Pink Bag,Ivory Coast,301.76,ORD474,10,86,3.52,344.18
2024-04-13,New,Home Decor Range,Morocco,249.47,ORD124,23,69,2.91,235.21
2024-10-22,Returning,Home Decor Range,Ivory Coast,433.86,ORD861,26,83,4.38,389.77
2024-12-21,New,Apple Smartwatches,Nigeria,332.48,ORD607,56,54,3.1,304.78
2024-03-17,Loyal,Disney Princess Pink Bag,Senegal,178.66,ORD422,86,98,4.65,153.54
2024-11-14,New,Bathroom Essentials,Ghana,388.29,ORD285,55,56,4.65,429.94
2024-12-29,Loyal,Disney Princess Pink Bag,South Africa,113.03,ORD687,67,65,3.91,117.54
2024-03-12,New,Disney Princess Pink Bag,Morocco,197.29,ORD977,77,74,2.86,189.72
2024-04-21,New,Disney Princess Pink Bag,Senegal,195.41,ORD206,92,96,4.31,172.39
2024-04-08,New,Disney Princess Pink Bag,South Africa,350.37,ORD501,61,93,3.89,404.06
2024-05-13,Returning,Bathroom Essentials,Ivory Coast,313.04,ORD133,80,74,3.0,256.42
2024-05-16,New,Home Decor Range,Nigeria,91.72,ORD814,43,94,3.92,74.43
2024-02-15,Loyal,Disney Princess Pink Bag,Nigeria,475.99,ORD381,80,58,4.6,503.87
2024-03-26,New,Apple Smartwatches,Morocco,495.68,ORD999,11,79,3.1,475.41
2024-01-19,Loyal,Bathroom Essentials,Nigeria,320.12,ORD263,70,72,3.92,271.69
2024-12-30,New,Home Decor Range,Kenya,379.52,ORD751,55,62,3.39,443.12
2024-11-30,Loyal,Bathroom Essentials,Senegal,473.76,ORD812,65,58,4.37,428.92
2024-03-18,New,Bathroom Essentials,Morocco,209.71,ORD129,52,56,2.97,245.27
2024-09-24,New,Bathroom Essentials,Nigeria,425.0,ORD658,47,84,2.97,421.16
2024-04-08,Returning,Home Decor Range,South Africa,350.54,ORD108,28,82,4.75,416.86
2024-12-17,New,Apple Smartwatches,Morocco,334.95,ORD878,29,96,4.03,323.95
2024-11-22,Loyal,Disney Princess Pink Bag,South Africa,101.37,ORD626,88,85,3.85,120.45
2024-03-03,Loyal,Bathroom Essentials,Ghana,113.26,ORD792,80,56,3.36,128.28
2024-10-03,Returning,Disney Princess Pink Bag,South Africa,287.98,ORD198,80,87,2.89,233.53
2024-12-27,Returning,Home Decor Range,Nigeria,265.94,ORD790,83,90,4.05,285.39
2024-12-24,Loyal,Home Decor Range,South Africa,429.87,ORD896,34,84,4.02,470.68
2024-05-30,Returning,Home Decor Range,Ghana,76.71,ORD421,12,90,3.15,88.73
2024-07-09,Returning,Bathroom Essentials,Senegal,270.52,ORD946,94,100,3.62,279.84
2024-02-10,New,Bathroom Essentials,Senegal,359.68,ORD157,80,78,2.52,298.56
2024-04-23,Returning,Apple Smartwatches,Nigeria,376.58,ORD476,96,55,4.02,331.54
2024-06-15,New,Apple Smartwatches,Ivory Coast,341.89,ORD135,52,59,2.84,400.58
2024-10-02,Returning,Bathroom Essentials,Senegal,469.05,ORD479,57,95,3.27,412.7
2024-06-06,New,Apple Smartwatches,South Africa,311.59,ORD644,40,98,3.47,332.51
2024-10-09,New,Home Decor Range,South Africa,206.47,ORD371,97,96,3.16,170.99
2024-10-14,Returning,Apple Smartwatches,Ivory Coast,376.06,ORD317,72,79,3.79,380.89
2024-12-25,Returning,Disney Princess Pink Bag,Ivory Coast,204.19,ORD314,50,74,2.76,164.86
2024-08-11,New,Home Decor Range,South Africa,188.04,ORD554,80,88,4.33,169.13
2024-09-05,New,Apple Smartwatches,Senegal,188.47,ORD219,44,97,4.89,201.61
2024-12-26,Loyal,Bathroom Essentials,South Africa,342.25,ORD826,58,68,4.64,371.65
2024-10-14,Loyal,Disney Princess Pink Bag,Ghana,264.65,ORD351,51,58,4.88,241.89
2024-02-13,Returning,Apple Smartwatches,Senegal,183.03,ORD775,28,77,3.18,180.98
2024-03-02,Returning,Bathroom Essentials,Ivory Coast,354.72,ORD125,43,87,4.18,404.8
2024-11-22,Returning,Bathroom Essentials,Ivory Coast,188.5,ORD000,21,73,3.23,155.97
2024-05-03,Returning,Apple Smartwatches,Senegal,427.67,ORD674,45,88,3.47,488.16
2024-08-18,Loyal,Home Decor Range,Ivory Coast,92.95,ORD947,31,71,4.19,83.94
2024-06-09,Returning,Bathroom Essentials,Nigeria,323.57,ORD954,32,69,3.26,366.61
2024-02-07,New,Apple Smartwatches,Ivory Coast,170.19,ORD657,13,72,3.61,160.48
2024-10-28,Loyal,Disney Princess Pink Bag,Senegal,399.04,ORD291,33,84,3.5,386.58
2024-02-25,Returning,Disney Princess Pink Bag,Senegal,450.01,ORD249,60,84,4.16,462.46
2024-04-10,Returning,Apple Smartwatches,Nigeria,224.12,ORD924,79,100,2.97,233.32
2024-06-29,New,Disney Princess Pink Bag,Senegal,171.6,ORD686,58,77,3.63,178.36
2024-01-19,New,Disney Princess Pink Bag,Ivory Coast,161.6,ORD590,51,93,4.93,167.73
2024-09-06,Returning,Apple Smartwatches,Nigeria,307.26,ORD578,41,95,3.54,328.36
2024-09-30,Returning,Bathroom Essentials,South Africa,403.33,ORD166,73,78,2.89,329.83
2024-10-02,New,Home Decor Range,Morocco,401.14,ORD290,99,98,3.65,367.36
2024-03-14,Loyal,Apple Smartwatches,Kenya,153.5,ORD264,33,90,2.51,153.91
2024-07-23,Returning,Disney Princess Pink Bag,Kenya,194.67,ORD635,27,90,2.65,192.92
2024-04-06,New,Apple Smartwatches,Ghana,473.0,ORD185,96,79,2.56,534.18
2024-04-08,Returning,Home Decor Range,Morocco,292.91,ORD188,92,68,3.39,325.66
2024-01-01,Loyal,Bathroom Essentials,Senegal,452.13,ORD952,25,61,2.98,384.44
2024-01-13,Loyal,Disney Princess Pink Bag,Nigeria,346.53,ORD730,23,74,3.08,308.32
2024-08-25,New,Bathroom Essentials,Morocco,255.57,ORD026,15,76,2.89,239.3
2024-06-28,Returning,Bathroom Essentials,Ghana,349.83,ORD150,83,63,3.79,363.61
2024-02-10,Loyal,Apple Smartwatches,South Africa,152.3,ORD675,20,65,4.52,169.82
2024-07-15,New,Disney Princess Pink Bag,Kenya,257.42,ORD807,87,68,2.82,226.27
2024-08-19,New,Apple Smartwatches,Ghana,70.96,ORD609,50,77,3.42,75.95
2024-07-27,New,Home Decor Range,Kenya,336.48,ORD568,28,62,4.62,350.89
2024-06-12,Returning,Home Decor Range,Ghana,382.79,ORD803,20,77,2.86,373.64
2024-11-11,Loyal,Bathroom Essentials,Ivory Coast,83.29,ORD347,65,50,4.37,93.74
2024-08-23,Returning,Home Decor Range,South Africa,284.86,ORD682,54,74,3.97,285.68
2024-10-20,Returning,Bathroom Essentials,Kenya,362.45,ORD391,26,84,4.77,348.97
2024-07-27,Loyal,Apple Smartwatches,Ghana,142.77,ORD245,30,84,4.58,159.84
2024-02-17,Returning,Home Decor Range,Nigeria,406.88,ORD069,65,89,4.21,344.42
2024-04-16,New,Home Decor Range,Morocco,137.47,ORD538,94,81,2.95,123.18
2024-02-09,Returning,Apple Smartwatches,Kenya,310.66,ORD911,38,57,3.6,346.71
2024-07-27,Returning,Disney Princess Pink Bag,Ghana,115.08,ORD239,45,60,4.66,106.06
2024-06-22,Loyal,Apple Smartwatches,Ghana,50.36,ORD945,100,79,4.89,59.22
2024-06-06,Returning,Home Decor Range,Kenya,68.75,ORD951,19,68,2.79,56.93
2024-02-25,Returning,Home Decor Range,Kenya,77.1,ORD469,41,73,3.15,85.88
2024-12-23,Returning,Home Decor Range,Nigeria,221.91,ORD481,60,52,4.35,241.31
2024-10-14,Loyal,Home Decor Range,South Africa,497.9,ORD832,68,65,3.25,483.95
2024-01-03,Loyal,Home Decor Range,Ivory Coast,397.49,ORD550,74,82,4.68,442.27
2024-06-19,Returning,Home Decor Range,Morocco,425.12,ORD809,55,53,3.15,428.84
2024-05-08,Loyal,Disney Princess Pink Bag,Kenya,409.75,ORD623,14,61,3.32,442.53
2024-05-31,Loyal,Apple Smartwatches,Ghana,225.68,ORD205,71,75,3.61,216.16
2024-01-26,Returning,Bathroom Essentials,Ghana,437.55,ORD019,52,66,3.14,368.96
2024-10-22,Returning,Bathroom Essentials,Ivory Coast,273.28,ORD842,20,64,3.52,244.21
2024-08-15,Returning,Bathroom Essentials,Ivory Coast,447.84,ORD488,46,88,4.24,411.21
2024-05-20,New,Apple Smartwatches,Ivory Coast,448.05,ORD439,19,99,4.9,532.55
2024-04-28,New,Bathroom Essentials,Nigeria,242.6,ORD624,80,74,4.18,220.46
2024-03-07,Returning,Home Decor Range,Nigeria,457.28,ORD307,75,63,3.06,467.18
2024-01-04,New,Apple Smartwatches,Nigeria,192.78,ORD120,79,53,2.52,224.99
2024-03-27,New,Bathroom Essentials,Morocco,188.9,ORD215,19,68,4.75,198.36
2024-06-27,Loyal,Home Decor Range,Morocco,246.34,ORD694,66,62,4.16,216.76
2024-05-14,Loyal,Disney Princess Pink Bag,Senegal,173.47,ORD548,60,55,4.09,183.62
2024-09-12,New,Apple Smartwatches,Morocco,292.8,ORD073,27,63,3.91,332.2
2024-04-01,Returning,Bathroom Essentials,Kenya,449.11,ORD741,100,67,4.57,487.69
2024-02-07,Loyal,Disney Princess Pink Bag,Kenya,454.21,ORD944,89,69,4.28,520.81
2024-10-03,New,Bathroom Essentials,Senegal,216.81,ORD779,41,82,2.87,175.46
2024-04-08,Returning,Disney Princess Pink Bag,Nigeria,57.48,ORD565,91,62,2.73,56.98
2024-04-07,Loyal,Disney Princess Pink Bag,Ghana,175.55,ORD516,14,85,4.54,173.91
2024-03-25,Returning,Disney Princess Pink Bag,Senegal,144.07,ORD581,99,69,4.46,132.12
2024-11-29,Returning,Apple Smartwatches,South Africa,226.95,ORD616,29,75,3.61,253.18
2024-12-01,Loyal,Disney Princess Pink Bag,Nigeria,312.51,ORD824,18,74,4.29,339.89
2024-10-11,New,Home Decor Range,Morocco,244.55,ORD094,72,95,3.54,287.55
2024-11-11,Loyal,Bathroom Essentials,Kenya,216.51,ORD409,68,87,4.64,255.16
2024-01-12,Returning,Apple Smartwatches,Nigeria,230.12,ORD017,75,89,4.49,210.19
2024-02-01,Returning,Home Decor Range,South Africa,210.45,ORD443,77,95,4.83,218.05
2024-09-11,Returning,Disney Princess Pink Bag,Kenya,369.21,ORD107,40,93,3.05,336.82
2024-01-05,Returning,Bathroom Essentials,Morocco,408.86,ORD343,23,69,2.57,486.79
2024-03-31,New,Home Decor Range,Senegal,356.5,ORD552,10,99,3.33,301.01
2024-12-01,Loyal,Home Decor Range,Morocco,339.15,ORD048,21,77,4.74,372.1
2024-07-28,Loyal,Disney Princess Pink Bag,Senegal,191.19,ORD595,39,75,2.86,182.28
2024-07-03,Returning,Bathroom Essentials,Morocco,213.31,ORD097,79,79,4.04,188.17
2024-10-14,New,Apple Smartwatches,Kenya,410.92,ORD693,56,86,3.74,462.96
2024-03-23,Returning,Disney Princess Pink Bag,Kenya,140.9,ORD562,56,70,3.48,160.56
2024-11-01,Returning,Disney Princess Pink Bag,South Africa,477.74,ORD160,22,99,4.89,522.31
2024-09-11,Loyal,Home Decor Range,Nigeria,273.96,ORD484,44,63,4.95,241.95
2024-10-19,New,Home Decor Range,Senegal,385.17,ORD690,53,64,4.76,330.63
2024-01-23,New,Disney Princess Pink Bag,Nigeria,307.5,ORD434,12,82,3.9,277.12
2024-08-03,Loyal,Bathroom Essentials,Nigeria,457.91,ORD921,75,66,4.88,391.94
2024-04-08,New,Apple Smartwatches,South Africa,121.89,ORD756,87,75,3.65,140.93
2024-04-15,Returning,Bathroom Essentials,Ghana,478.71,ORD592,37,56,4.46,387.47
2024-09-25,Loyal,Disney Princess Pink Bag,Ghana,367.36,ORD312,49,93,4.49,370.6
2024-08-13,Returning,Apple Smartwatches,Ghana,197.96,ORD737,60,60,3.97,236.38
2024-06-01,Returning,Bathroom Essentials,Ghana,468.02,ORD189,73,91,3.15,454.02
2024-05-16,New,Apple Smartwatches,Ghana,131.22,ORD986,83,100,4.98,156.27
2024-01-25,Returning,Apple Smartwatches,Senegal,61.06,ORD406,48,80,3.41,54.56
2024-09-05,New,Apple Smartwatches,Nigeria,208.91,ORD981,35,65,2.93,205.75
2024-02-05,Loyal,Apple Smartwatches,Ghana,344.63,ORD153,18,51,2.8,342.47
2024-12-11,New,Apple Smartwatches,Ghana,317.87,ORD527,12,100,2.95,379.93
2024-06-19,Loyal,Bathroom Essentials,South Africa,491.84,ORD912,100,90,3.74,540.54
2024-03-18,Returning,Apple Smartwatches,Senegal,428.77,ORD225,60,64,3.3,443.47
2024-10-08,New,Disney Princess Pink Bag,Senegal,411.85,ORD340,53,88,4.71,357.12
2024-03-04,Returning,Bathroom Essentials,Kenya,404.48,ORD059,12,52,4.84,457.29
2024-11-13,Returning,Disney Princess Pink Bag,Ghana,348.08,ORD689,24,64,4.04,361.97
2024-02-26,Loyal,Bathroom Essentials,Senegal,432.13,ORD968,40,82,4.13,350.36
2024-07-09,New,Bathroom Essentials,Ghana,269.47,ORD794,49,53,4.42,255.24
2024-04-07,Returning,Apple Smartwatches,Nigeria,400.76,ORD869,68,58,3.12,326.3
2024-06-19,Loyal,Apple Smartwatches,Ghana,310.54,ORD403,80,68,4.38,318.34
2024-08-28,Loyal,Bathroom Essentials,Senegal,189.48,ORD387,74,98,4.31,164.23
2024-09-01,New,Home Decor Range,Nigeria,68.82,ORD229,49,57,4.05,65.91
2024-01-26,New,Bathroom Essentials,Morocco,122.76,ORD032,72,54,2.84,132.38
2024-08-05,Returning,Bathroom Essentials,Nigeria,259.06,ORD573,66,53,2.63,256.61
2024-01-30,New,Home Decor Range,Senegal,265.84,ORD047,53,78,4.34,223.69
2024-03-02,Loyal,Home Decor Range,Ghana,313.1,ORD105,82,70,4.61,299.63
2024-09-20,Returning,Apple Smartwatches,Kenya,433.01,ORD433,94,98,4.56,354.09
2024-01-08,Loyal,Apple Smartwatches,Ghana,344.16,ORD238,71,78,2.56,289.23
2024-12-27,Returning,Home Decor Range,South Africa,496.15,ORD191,28,85,4.77,405.36
2024-01-16,Returning,Disney Princess Pink Bag,South Africa,211.01,ORD064,29,64,4.59,203.26
2024-11-06,Returning,Home Decor Range,Ghana,452.03,ORD782,41,63,3.09,389.72
2024-03-27,Returning,Apple Smartwatches,Morocco,394.21,ORD182,96,76,4.17,441.25
2024-04-24,Returning,Apple Smartwatches,Nigeria,401.04,ORD670,80,72,4.07,428.92
2024-03-20,Loyal,Disney Princess Pink Bag,Senegal,196.66,ORD514,92,82,4.46,216.68
2024-10-31,New,Home Decor Range,Kenya,289.96,ORD466,71,67,3.22,309.79
2024-08-21,New,Disney Princess Pink Bag,Kenya,358.2,ORD202,90,100,3.01,366.9
2024-03-20,New,Disney Princess Pink Bag,Morocco,483.44,ORD453,47,64,3.54,515.1
2024-07-16,New,Apple Smartwatches,Ghana,364.73,ORD031,78,80,3.64,401.58
2024-01-30,Loyal,Apple Smartwatches,Senegal,205.26,ORD207,51,69,2.57,218.92
2024-05-28,Loyal,Bathroom Essentials,South Africa,487.95,ORD831,62,84,4.36,576.91
2024-10-12,Returning,Apple Smartwatches,Morocco,374.71,ORD358,73,93,3.71,383.99
2024-04-09,Returning,Disney Princess Pink Bag,Nigeria,385.27,ORD155,97,77,3.95,386.17
2024-10-16,New,Bathroom Essentials,Ghana,402.94,ORD299,78,97,4.45,340.52
2024-08-04,Returning,Bathroom Essentials,South Africa,440.36,ORD318,25,59,3.16,414.73
2024-12-02,Loyal,Disney Princess Pink Bag,South Africa,201.46,ORD104,25,61,3.64,187.39
2024-09-14,New,Disney Princess Pink Bag,Senegal,166.56,ORD666,18,98,4.41,155.11
2024-02-02,New,Disney Princess Pink Bag,Kenya,375.07,ORD496,33,72,2.68,317.72
2024-04-18,Loyal,Bathroom Essentials,Senegal,202.2,ORD179,11,75,4.92,195.45
2024-03-08,New,Home Decor Range,South Africa,427.72,ORD836,51,84,4.63,359.94
2024-07-25,New,Apple Smartwatches,Ivory Coast,462.85,ORD532,75,66,3.03,533.3
2024-06-12,Returning,Disney Princess Pink Bag,Morocco,256.34,ORD140,15,79,3.65,284.76
2024-03-11,Loyal,Apple Smartwatches,Kenya,244.55,ORD619,54,76,4.47,200.21
2024-06-12,Returning,Disney Princess Pink Bag,South Africa,199.94,ORD236,14,62,3.76,234.44
2024-02-13,Returning,Bathroom Essentials,Ghana,383.42,ORD876,86,54,3.22,348.46
2024-06-25,Loyal,Home Decor Range,South Africa,304.06,ORD257,24,86,4.16,299.54
2024-01-28,Loyal,Home Decor Range,South Africa,165.07,ORD551,33,74,2.61,183.36
2024-04-15,Returning,Home Decor Range,Nigeria,230.23,ORD265,29,70,3.89,201.37
2024-11-29,Returning,Home Decor Range,Kenya,489.0,ORD444,40,98,4.43,524.89
2024-07-25,Returning,Home Decor Range,Ghana,76.63,ORD513,56,67,2.95,83.43
2024-11-10,Returning,Home Decor Range,Nigeria,453.46,ORD235,70,88,3.94,486.09
2024-06-06,New,Home Decor Range,South Africa,446.57,ORD033,22,82,4.61,499.66
2024-02-05,New,Apple Smartwatches,Kenya,380.02,ORD227,59,92,3.25,345.45
2024-05-29,Loyal,Apple Smartwatches,Nigeria,94.48,ORD161,64,77,3.42,106.54
2024-06-24,New,Home Decor Range,Kenya,169.71,ORD980,100,69,2.82,188.12
2024-07-05,Loyal,Disney Princess Pink Bag,Ivory Coast,284.99,ORD534,64,98,4.07,266.12
2024-08-24,New,Apple Smartwatches,Ivory Coast,209.34,ORD375,91,78,3.99,210.77
2024-09-10,Loyal,Disney Princess Pink Bag,Nigeria,188.91,ORD183,78,67,2.55,175.36
2024-09-25,Loyal,Apple Smartwatches,Ivory Coast,69.22,ORD045,64,95,3.31,71.06
2024-08-18,Returning,Disney Princess Pink Bag,Nigeria,61.86,ORD605,94,71,4.42,61.51
2024-07-29,Loyal,Bathroom Essentials,Ivory Coast,256.86,ORD727,26,86,4.6,262.05
2024-05-23,Returning,Disney Princess Pink Bag,Ghana,110.28,ORD158,52,96,4.54,125.59
2024-03-17,New,Home Decor Range,South Africa,81.65,ORD622,77,64,2.81,88.08
2024-02-07,Loyal,Home Decor Range,Morocco,308.69,ORD958,96,64,4.66,328.92
2024-12-14,Loyal,Apple Smartwatches,Nigeria,221.75,ORD712,67,67,2.78,194.06
2024-09-25,New,Apple Smartwatches,Nigeria,50.83,ORD396,47,88,4.61,53.06
2024-07-31,Loyal,Disney Princess Pink Bag,Kenya,191.35,ORD256,61,91,4.39,217.37
2024-06-09,Loyal,Home Decor Range,Morocco,205.03,ORD789,74,55,2.8,240.67
2024-12-02,Returning,Home Decor Range,Ivory Coast,360.82,ORD967,38,52,4.41,322.55
2024-04-03,Loyal,Home Decor Range,Senegal,218.74,ORD329,37,69,4.97,207.76
2024-04-17,Loyal,Home Decor Range,South Africa,391.39,ORD344,93,59,3.74,379.86
2024-01-24,Loyal,Bathroom Essentials,Morocco,163.28,ORD659,99,100,4.28,137.93
2024-04-23,Returning,Bathroom Essentials,Ghana,408.34,ORD544,39,62,4.13,336.05
2024-07-11,Loyal,Home Decor Range,Ivory Coast,269.45,ORD441,16,74,2.69,246.62
2024-06-28,Loyal,Home Decor Range,Kenya,281.12,ORD888,36,64,3.44,229.31
2024-04-13,New,Disney Princess Pink Bag,Nigeria,354.26,ORD339,98,100,3.36,333.52
2024-05-05,Returning,Home Decor Range,Ghana,242.84,ORD117,51,99,4.58,235.16
2024-05-11,New,Home Decor Range,South Africa,390.14,ORD234,68,96,3.52,347.46
2024-01-07,Loyal,Bathroom Essentials,South Africa,195.45,ORD067,20,88,3.96,197.15
2024-05-13,Loyal,Home Decor Range,South Africa,138.68,ORD418,59,71,3.76,136.45
2024-05-15,Returning,Home Decor Range,Morocco,330.17,ORD159,61,87,2.98,314.92
2024-04-02,Loyal,Disney Princess Pink Bag,Kenya,340.76,ORD152,17,61,3.49,289.41
2024-09-22,Returning,Home Decor Range,Ghana,418.3,ORD822,38,83,4.84,363.37
2024-02-20,New,Bathroom Essentials,Ghana,387.52,ORD341,92,96,3.97,386.33
2024-09-09,Loyal,Apple Smartwatches,Morocco,180.5,ORD169,32,78,3.83,210.37
2024-07-11,Returning,Bathroom Essentials,Morocco,408.3,ORD006,43,74,3.1,428.65
2024-08-26,Loyal,Bathroom Essentials,Kenya,371.76,ORD090,29,85,4.1,392.96
2024-10-26,New,Bathroom Essentials,Ghana,297.07,ORD363,76,63,2.98,270.73
2024-07-15,Loyal,Disney Princess Pink Bag,Ivory Coast,180.87,ORD321,64,68,4.01,205.92
2024-08-27,Returning,Home Decor Range,Ivory Coast,365.0,ORD895,83,79,4.42,308.41
2024-01-30,New,Home Decor Range,South Africa,168.66,ORD096,57,98,4.42,183.15
2024-10-14,Returning,Home Decor Range,Kenya,377.29,ORD504,63,58,3.04,353.09
